id;session_id;organism_taxid;organism_name;selected_option;comparison_number;created_at;content_option_1;content_option_2
edaed81f-0de8-4bcb-ae9c-ac42f9b92bbc;7ba368a4-7057-4785-a221-cd3d700f7656;3052230;Hepacivirus hominis;2;4;2025-11-07 15:19:58.99356+00;1;4
5bc3c899-b9c1-4e7b-8fa0-f571a6c4c80d;7ba368a4-7057-4785-a221-cd3d700f7656;3052608;Pegivirus hominis;1;7;2025-11-07 15:20:00.030615+00;2;3
d8ac614f-cdb7-46d6-84ef-58b6880acb78;7ba368a4-7057-4785-a221-cd3d700f7656;2697049;Severe acute respiratory syndrome coronavirus 2;2;13;2025-11-07 15:20:01.052836+00;1;3
8c94778f-015a-4526-852e-f86af0236628;7ba368a4-7057-4785-a221-cd3d700f7656;3046277;Orthoflavivirus flavi;1;12;2025-11-07 15:20:02.647136+00;2;3
33402367-9059-4a7c-91f8-5f653022a073;7ba368a4-7057-4785-a221-cd3d700f7656;3046277;Orthoflavivirus flavi;2;11;2025-11-07 15:20:04.015248+00;1;3
5569bfa7-1a18-46f8-910b-0800152e321f;7ba368a4-7057-4785-a221-cd3d700f7656;3052230;Hepacivirus hominis;1;5;2025-11-07 15:20:05.068519+00;1;2
51ab79c2-a16c-4f17-be23-9247227ec6db;7ba368a4-7057-4785-a221-cd3d700f7656;2697049;Severe acute respiratory syndrome coronavirus 2;2;14;2025-11-07 15:20:06.321475+00;2;3
886ece9f-c45d-49bd-bc50-fa4ab77dda62;99f45d7d-e5e6-4aa3-98b8-59774a446038;3046277;Orthoflavivirus flavi;1;10;2025-11-07 20:39:49.358017+00;2;3
8be903c3-f3eb-454d-87df-f87556ab1d58;99f45d7d-e5e6-4aa3-98b8-59774a446038;3052230;Hepacivirus hominis;2;5;2025-11-07 20:39:52.979633+00;3;4
6998ea16-0c7a-4927-a64d-12b0ab141079;99f45d7d-e5e6-4aa3-98b8-59774a446038;3052230;Hepacivirus hominis;1;6;2025-11-07 20:39:55.157675+00;1;4
63d22231-233b-4ac1-8e54-b127c9dc31de;99f45d7d-e5e6-4aa3-98b8-59774a446038;2697049;Severe acute respiratory syndrome coronavirus 2;2;15;2025-11-07 20:39:58.752736+00;1;3
28c44eb6-d053-4cca-8a76-0e141fd7fb21;99f45d7d-e5e6-4aa3-98b8-59774a446038;2697049;Severe acute respiratory syndrome coronavirus 2;2;14;2025-11-07 20:40:00.208659+00;1;2
2e3ddb0f-119d-439b-9182-a1feb7d9f93a;99f45d7d-e5e6-4aa3-98b8-59774a446038;3052608;Pegivirus hominis;2;7;2025-11-07 20:40:02.302968+00;1;3
550598b3-a811-4658-9434-e74d01df54a1;99f45d7d-e5e6-4aa3-98b8-59774a446038;3052608;Pegivirus hominis;1;9;2025-11-07 20:40:04.105906+00;3;4
0f2c8690-58d1-4f00-8541-5a0a19d37add;99f45d7d-e5e6-4aa3-98b8-59774a446038;3052608;Pegivirus hominis;2;8;2025-11-07 20:40:05.328254+00;2;3
210cd100-1477-4a88-a717-a74568b02fa6;96243fa5-f772-4c72-9a0b-3bdfc2f944b9;3052608;Pegivirus hominis;2;7;2025-11-07 20:40:27.6125+00;1;4
d9976c1c-eb45-4228-9b1b-c9ed81014515;96243fa5-f772-4c72-9a0b-3bdfc2f944b9;10376;Human gammaherpesvirus 4;1;1;2025-11-07 20:43:28.787796+00;1;3
b4e95d2e-c208-4502-a26b-c5ba9f66d3b5;dcc52982-064a-4bf1-9548-199dc5b51966;10376;Human gammaherpesvirus 4;2;1;2025-11-07 20:45:08.571251+00;1;4
6044847b-9527-4230-832f-2bbd06224817;dcc52982-064a-4bf1-9548-199dc5b51966;2697049;Severe acute respiratory syndrome coronavirus 2;1;14;2025-11-07 20:45:19.116501+00;2;3
5319d079-c717-4b7d-8ac3-8763df0d7a35;96243fa5-f772-4c72-9a0b-3bdfc2f944b9;3046277;Orthoflavivirus flavi;2;10;2025-11-07 20:45:26.161317+00;2;4
233aad95-1a34-4bc8-a2f2-54417d5d9a97;dcc52982-064a-4bf1-9548-199dc5b51966;2697049;Severe acute respiratory syndrome coronavirus 2;1;15;2025-11-07 20:45:30.583901+00;1;2
6835fba4-6aaf-42b6-b4bf-e13c38615bd4;dcc52982-064a-4bf1-9548-199dc5b51966;2697049;Severe acute respiratory syndrome coronavirus 2;1;13;2025-11-07 20:45:40.334367+00;1;3
3862b1e5-9a84-462d-b05f-65617f343b74;dcc52982-064a-4bf1-9548-199dc5b51966;10376;Human gammaherpesvirus 4;1;3;2025-11-07 20:46:07.957952+00;1;2
8935c84e-7a0d-4ec8-9a89-7ebee87ca77b;dcc52982-064a-4bf1-9548-199dc5b51966;3046277;Orthoflavivirus flavi;2;12;2025-11-07 20:46:18.143953+00;3;4
248563c9-e0f9-4389-acb0-1e85a2645edf;dcc52982-064a-4bf1-9548-199dc5b51966;3052608;Pegivirus hominis;1;9;2025-11-07 20:46:25.915312+00;3;4
7d624f64-da9d-432a-b267-58bbb1d81c8e;dcc52982-064a-4bf1-9548-199dc5b51966;3046277;Orthoflavivirus flavi;1;11;2025-11-07 20:46:29.975379+00;2;3
40570437-7c07-4547-9f27-69bd97f79c9e;dcc52982-064a-4bf1-9548-199dc5b51966;10376;Human gammaherpesvirus 4;1;2;2025-11-07 20:46:36.504953+00;1;3
f9380e3f-56fe-4a7b-aef5-6a7fa464fd0c;dcc52982-064a-4bf1-9548-199dc5b51966;3052230;Hepacivirus hominis;1;6;2025-11-07 20:46:44.766637+00;1;4
7f0df038-bd2e-42bd-b9ec-85f102c2092b;96243fa5-f772-4c72-9a0b-3bdfc2f944b9;3052230;Hepacivirus hominis;2;6;2025-11-07 20:47:22.637689+00;1;4
e798277f-6ea2-41a4-b8d4-ee8bd9a493c5;96243fa5-f772-4c72-9a0b-3bdfc2f944b9;3052608;Pegivirus hominis;1;8;2025-11-07 20:48:16.630745+00;1;3
48e47679-e4d1-44ef-9d61-af70f831d275;96243fa5-f772-4c72-9a0b-3bdfc2f944b9;10376;Human gammaherpesvirus 4;1;2;2025-11-07 20:48:56.967147+00;2;3
6c0d011a-6b36-4c1b-a3a0-96043713faaa;96243fa5-f772-4c72-9a0b-3bdfc2f944b9;10376;Human gammaherpesvirus 4;1;3;2025-11-07 20:49:45.681365+00;1;2
6c1f0144-51d9-4fd6-b1ed-d5a53a924b95;bdf76bc7-3f27-4b72-8879-5b7ce2775a96;3052608;Pegivirus hominis;1;9;2025-11-07 20:53:00.451237+00;1;3
549185d9-11b9-4e11-adda-15a915142282;96243fa5-f772-4c72-9a0b-3bdfc2f944b9;3052230;Hepacivirus hominis;2;4;2025-11-07 20:56:16.644762+00;1;2
68572c94-da58-4656-ab02-e757acaf4231;96243fa5-f772-4c72-9a0b-3bdfc2f944b9;2697049;Severe acute respiratory syndrome coronavirus 2;2;14;2025-11-07 20:58:07.18971+00;1;3
f82731c6-de82-4e4a-b9d6-9ae87f087c3f;96243fa5-f772-4c72-9a0b-3bdfc2f944b9;3046277;Orthoflavivirus flavi;1;12;2025-11-07 21:00:59.076736+00;1;2
6b46988b-ad59-45f6-b356-1af0158a1413;96243fa5-f772-4c72-9a0b-3bdfc2f944b9;2697049;Severe acute respiratory syndrome coronavirus 2;1;13;2025-11-07 21:01:17.616386+00;2;3
438531ed-8f12-4fb1-8b61-26163a2672e8;bdf76bc7-3f27-4b72-8879-5b7ce2775a96;3046277;Orthoflavivirus flavi;2;12;2025-11-07 21:01:18.931468+00;2;4
d3271ca7-f437-44ac-8664-681fa6998a6d;bdf76bc7-3f27-4b72-8879-5b7ce2775a96;3046277;Orthoflavivirus flavi;2;11;2025-11-07 21:01:30.506905+00;3;4
4b40d7f1-cfa2-4408-918b-b7d01b4d83d8;96243fa5-f772-4c72-9a0b-3bdfc2f944b9;3046277;Orthoflavivirus flavi;1;11;2025-11-07 21:01:38.915423+00;1;3
9d187d0c-b644-47c8-9515-4c1b2e658af4;96243fa5-f772-4c72-9a0b-3bdfc2f944b9;3052608;Pegivirus hominis;1;9;2025-11-07 21:02:09.234669+00;2;4
170e1520-4ed3-4cbc-a1a7-038ebed2a804;96243fa5-f772-4c72-9a0b-3bdfc2f944b9;2697049;Severe acute respiratory syndrome coronavirus 2;2;15;2025-11-07 21:02:32.823524+00;3;4
a7b99151-fa83-4f6a-9f0c-9b8cc92e8e1d;96243fa5-f772-4c72-9a0b-3bdfc2f944b9;3052230;Hepacivirus hominis;1;5;2025-11-07 21:03:15.16189+00;2;3
fcfd8199-a142-45af-aef0-f3cd68664b73;e572e7c0-1809-4e01-9770-d5b104eb5962;3052230;Hepacivirus hominis;1;4;2025-11-07 21:09:33.297072+00;2;4
43bbbffe-0ec2-49c6-9dfa-2307c763d566;e572e7c0-1809-4e01-9770-d5b104eb5962;10376;Human gammaherpesvirus 4;1;3;2025-11-07 21:09:37.745015+00;3;4
cea06f28-97f5-46da-ab9d-a7ca9175d125;e572e7c0-1809-4e01-9770-d5b104eb5962;3046277;Orthoflavivirus flavi;1;11;2025-11-07 21:09:55.60788+00;1;2
dc18c674-fed3-4456-8326-c7c2f9c437a2;e572e7c0-1809-4e01-9770-d5b104eb5962;3052608;Pegivirus hominis;1;8;2025-11-07 21:10:06.900627+00;1;3
e9a03653-2a53-4e74-8765-3741f0a46c2c;e572e7c0-1809-4e01-9770-d5b104eb5962;3046277;Orthoflavivirus flavi;1;10;2025-11-07 21:10:19.521574+00;1;3
362fca57-f2c5-4c25-be26-8a31effb32b8;e572e7c0-1809-4e01-9770-d5b104eb5962;3052230;Hepacivirus hominis;1;6;2025-11-07 21:10:27.366486+00;3;4
1d52ae38-4cb5-47b3-a9c0-3051a3f5dd7f;e572e7c0-1809-4e01-9770-d5b104eb5962;2697049;Severe acute respiratory syndrome coronavirus 2;1;13;2025-11-07 21:10:58.83392+00;2;3
b8e6b1ed-fea8-48f9-aa0a-b1acce6d3aae;e572e7c0-1809-4e01-9770-d5b104eb5962;3052608;Pegivirus hominis;1;7;2025-11-07 21:11:07.800023+00;2;3
f7d057af-b787-4f2a-aebb-531cc0c701bc;e572e7c0-1809-4e01-9770-d5b104eb5962;2697049;Severe acute respiratory syndrome coronavirus 2;1;15;2025-11-07 21:11:30.951384+00;1;3
db243a67-a5a0-4741-a611-535291926f06;e572e7c0-1809-4e01-9770-d5b104eb5962;10376;Human gammaherpesvirus 4;1;2;2025-11-07 21:11:42.167893+00;1;4
bf85448a-b4b2-4eb8-8382-435b7ea2335f;e572e7c0-1809-4e01-9770-d5b104eb5962;10376;Human gammaherpesvirus 4;1;1;2025-11-07 21:11:49.902104+00;2;3
907b2062-7448-478e-9a3f-7cccde3e2dc9;e572e7c0-1809-4e01-9770-d5b104eb5962;3052230;Hepacivirus hominis;1;5;2025-11-07 21:11:54.904628+00;1;2
cca037ef-45f2-4eda-b234-2ddf43805972;e572e7c0-1809-4e01-9770-d5b104eb5962;2697049;Severe acute respiratory syndrome coronavirus 2;1;14;2025-11-07 21:11:57.676565+00;1;2
bee02836-39d7-4f90-87ed-5f98fe0aaf83;e572e7c0-1809-4e01-9770-d5b104eb5962;3052608;Pegivirus hominis;1;9;2025-11-07 21:12:00.299599+00;3;4
2835e2b6-027b-4c88-b2ae-3dc02f6a3106;e572e7c0-1809-4e01-9770-d5b104eb5962;3046277;Orthoflavivirus flavi;1;12;2025-11-07 21:12:03.109336+00;2;3
8fcc6c0b-7a49-4d0a-ae41-daa0bac5e48c;0af7c4f2-ff6b-42c7-8be8-dff319ef5178;3046277;Orthoflavivirus flavi;2;11;2025-11-07 21:20:59.665547+00;2;4
a3f3b688-89f0-4b73-b637-b987b64039b5;0af7c4f2-ff6b-42c7-8be8-dff319ef5178;3046277;Orthoflavivirus flavi;1;12;2025-11-07 21:22:03.594092+00;1;2
edbb54ab-52dc-451f-b878-ca8acb9113f7;0af7c4f2-ff6b-42c7-8be8-dff319ef5178;3052608;Pegivirus hominis;1;8;2025-11-07 21:23:26.558816+00;1;3
d3b14d6b-2e0b-4040-a918-1dabdddeca1b;0af7c4f2-ff6b-42c7-8be8-dff319ef5178;3052230;Hepacivirus hominis;2;4;2025-11-07 21:24:41.749367+00;2;3
2d09b320-a624-4261-9850-ca4ca3f5ed11;0af7c4f2-ff6b-42c7-8be8-dff319ef5178;3052230;Hepacivirus hominis;2;5;2025-11-07 21:25:56.777874+00;1;3
0ef611db-98a1-488e-809c-f8b37b42c880;0af7c4f2-ff6b-42c7-8be8-dff319ef5178;3052230;Hepacivirus hominis;1;6;2025-11-07 21:27:03.336084+00;3;4
a2a36a3c-2d56-4e11-bff2-6fcea2a95283;7ba368a4-7057-4785-a221-cd3d700f7656;10376;Human gammaherpesvirus 4;1;1;2025-11-07 15:19:50.17857+00;1;3
78aac8c3-15cd-47b1-b120-ef12a1887c7c;7ba368a4-7057-4785-a221-cd3d700f7656;3052608;Pegivirus hominis;1;9;2025-11-07 15:19:51.512095+00;1;3
6d96f93a-9bc4-4770-a813-3e5bd92387dc;7ba368a4-7057-4785-a221-cd3d700f7656;10376;Human gammaherpesvirus 4;2;2;2025-11-07 15:19:52.470761+00;2;3
7f3f8b35-edff-4977-852d-0bb89ba70c5e;7ba368a4-7057-4785-a221-cd3d700f7656;10376;Human gammaherpesvirus 4;1;3;2025-11-07 15:19:53.601977+00;1;2
106bb386-8780-4231-bb33-dbe4a8de8d1c;7ba368a4-7057-4785-a221-cd3d700f7656;3052230;Hepacivirus hominis;2;6;2025-11-07 15:19:54.624824+00;2;3
b94e6a89-0096-4704-83d4-431fed1e07b1;7ba368a4-7057-4785-a221-cd3d700f7656;2697049;Severe acute respiratory syndrome coronavirus 2;1;15;2025-11-07 15:19:55.63968+00;2;4
734c8dd0-3c2e-45ce-9bf9-1fa6734cfce7;7ba368a4-7057-4785-a221-cd3d700f7656;3052608;Pegivirus hominis;2;8;2025-11-07 15:19:56.57139+00;1;4
8f36b402-b9a4-47a7-9bb8-2c5c15aaea4a;7ba368a4-7057-4785-a221-cd3d700f7656;3046277;Orthoflavivirus flavi;1;10;2025-11-07 15:19:57.435917+00;1;4
4d3d977d-1042-493b-8095-59b16db87f9c;9cf3d178-717d-4252-b216-42eb2ec714bb;3046277;Orthoflavivirus flavi;1;10;2025-11-07 15:28:23.043916+00;2;3
25c8081c-a2b3-4061-8f32-ccc0779064f9;9cf3d178-717d-4252-b216-42eb2ec714bb;3052608;Pegivirus hominis;2;8;2025-11-07 15:28:24.452411+00;2;4
ee9eea46-c2e2-41a6-8a2d-32990e19d80a;9cf3d178-717d-4252-b216-42eb2ec714bb;3046277;Orthoflavivirus flavi;1;12;2025-11-07 15:28:25.515225+00;1;2
1d2ea6eb-a1b3-4148-b561-3e3f684de04e;9cf3d178-717d-4252-b216-42eb2ec714bb;2697049;Severe acute respiratory syndrome coronavirus 2;1;15;2025-11-07 15:28:26.325298+00;3;4
b89c0c8c-8615-49e5-a2af-158dc101c0bc;9cf3d178-717d-4252-b216-42eb2ec714bb;3052230;Hepacivirus hominis;2;4;2025-11-07 15:28:27.233966+00;1;2
59119191-d50c-407a-a5f8-d23b2e59b4c2;9cf3d178-717d-4252-b216-42eb2ec714bb;10376;Human gammaherpesvirus 4;1;2;2025-11-07 15:28:28.348127+00;1;3
4f7ef00c-f368-4178-b081-bae617a9673d;9cf3d178-717d-4252-b216-42eb2ec714bb;3046277;Orthoflavivirus flavi;1;11;2025-11-07 15:28:29.33648+00;1;4
75a5f994-abb7-4c22-90f5-b314c25bf05c;9cf3d178-717d-4252-b216-42eb2ec714bb;2697049;Severe acute respiratory syndrome coronavirus 2;2;13;2025-11-07 15:28:30.328045+00;2;3
1fdf9425-c702-485a-86ab-c7eab056b517;9cf3d178-717d-4252-b216-42eb2ec714bb;10376;Human gammaherpesvirus 4;2;1;2025-11-07 15:28:30.70776+00;3;4
3e5bc9e8-5076-4033-b3f2-f7329a743e54;9cf3d178-717d-4252-b216-42eb2ec714bb;2697049;Severe acute respiratory syndrome coronavirus 2;2;14;2025-11-07 15:28:31.783939+00;1;2
364814fd-a573-40b9-92c1-6750b94ef784;9cf3d178-717d-4252-b216-42eb2ec714bb;3052608;Pegivirus hominis;2;9;2025-11-07 15:28:32.850937+00;1;3
253021fd-0f6e-4a2a-a219-e353ab1aa09c;9cf3d178-717d-4252-b216-42eb2ec714bb;10376;Human gammaherpesvirus 4;2;3;2025-11-07 15:28:34.406312+00;2;3
5e398210-e3d2-4d5d-b747-63d03d679171;9cf3d178-717d-4252-b216-42eb2ec714bb;3052608;Pegivirus hominis;1;7;2025-11-07 15:28:36.699023+00;1;2
a859d459-3176-4d81-bb06-8025e31724b1;9cf3d178-717d-4252-b216-42eb2ec714bb;3052230;Hepacivirus hominis;1;5;2025-11-07 15:28:37.678648+00;1;3
2999a648-25d2-49bf-9265-e80401259fc5;9cf3d178-717d-4252-b216-42eb2ec714bb;3052230;Hepacivirus hominis;1;6;2025-11-07 15:28:39.671717+00;2;3
a8f28f51-06bd-47d8-87a4-63ecd8fb7b22;2060e00b-943a-4e1d-b04f-3bb5538b7798;2697049;Severe acute respiratory syndrome coronavirus 2;2;13;2025-11-07 15:41:28.681468+00;2;3
c1880e96-5341-4de6-b04e-bc20f3bd023f;2060e00b-943a-4e1d-b04f-3bb5538b7798;3052608;Pegivirus hominis;1;9;2025-11-07 15:41:30.033103+00;1;4
a37b5b5e-b16f-4d19-a5e3-43517eeb2776;2060e00b-943a-4e1d-b04f-3bb5538b7798;2697049;Severe acute respiratory syndrome coronavirus 2;1;15;2025-11-07 15:41:31.232386+00;1;3
7eea39ac-63f6-4b36-9496-b92f0bb18525;2060e00b-943a-4e1d-b04f-3bb5538b7798;10376;Human gammaherpesvirus 4;1;1;2025-11-07 15:41:33.4616+00;2;3
223e7e1d-e38c-4de3-8e09-c32ec9e1f4a4;2060e00b-943a-4e1d-b04f-3bb5538b7798;10376;Human gammaherpesvirus 4;2;2;2025-11-07 15:41:35.457236+00;1;3
b70d6591-3bc5-402b-8358-684aa85fab18;2060e00b-943a-4e1d-b04f-3bb5538b7798;3046277;Orthoflavivirus flavi;1;10;2025-11-07 15:41:36.695783+00;1;3
fb12fd25-4e34-4804-aa67-9bdeac6d8417;2060e00b-943a-4e1d-b04f-3bb5538b7798;3046277;Orthoflavivirus flavi;2;12;2025-11-07 15:41:37.99508+00;1;2
8e8fe7cb-19ab-4673-8279-bb9d974cce0c;2060e00b-943a-4e1d-b04f-3bb5538b7798;2697049;Severe acute respiratory syndrome coronavirus 2;1;14;2025-11-07 15:41:39.258813+00;1;2
4444be9c-4586-4280-ab57-a2d35d6fad1b;2060e00b-943a-4e1d-b04f-3bb5538b7798;3052230;Hepacivirus hominis;2;4;2025-11-07 15:41:40.810286+00;1;3
f63bdb04-69c9-47a1-aee6-92bd0aa40aa2;2060e00b-943a-4e1d-b04f-3bb5538b7798;3046277;Orthoflavivirus flavi;1;11;2025-11-07 15:41:41.868252+00;2;4
d760333a-8927-48be-a74b-1e5b2c6316b8;2060e00b-943a-4e1d-b04f-3bb5538b7798;10376;Human gammaherpesvirus 4;1;3;2025-11-07 15:41:42.936335+00;1;2
800fad29-c992-4952-85bd-b36c4a7618eb;2060e00b-943a-4e1d-b04f-3bb5538b7798;3052230;Hepacivirus hominis;2;6;2025-11-07 15:41:44.170588+00;1;4
151f56ab-af5d-45e6-ab42-79940e52a379;2060e00b-943a-4e1d-b04f-3bb5538b7798;3052608;Pegivirus hominis;2;8;2025-11-07 15:41:46.618936+00;1;2
3e6e7397-9747-4673-a480-b6ea7ff9d9f9;2060e00b-943a-4e1d-b04f-3bb5538b7798;3052230;Hepacivirus hominis;2;5;2025-11-07 15:41:47.572376+00;2;3
e2d17e0b-2627-461f-844d-f742166dfd90;2060e00b-943a-4e1d-b04f-3bb5538b7798;3052608;Pegivirus hominis;2;7;2025-11-07 15:41:49.604598+00;1;3
eed9d7ba-76c9-45e4-ba9b-da088137d781;d38081f9-05a0-4685-a151-3e515683b188;3052230;Hepacivirus hominis;2;4;2025-11-07 15:42:07.681721+00;1;4
ae0b8376-5da0-4b0e-99ff-11f5ddaca558;d38081f9-05a0-4685-a151-3e515683b188;10376;Human gammaherpesvirus 4;1;2;2025-11-07 15:42:10.093058+00;1;2
fa100d3a-a624-42cc-81af-10adb63eb242;d38081f9-05a0-4685-a151-3e515683b188;3052608;Pegivirus hominis;2;7;2025-11-07 15:42:12.129552+00;1;2
9def1668-cdb1-43ba-a46f-c86611e36c39;d38081f9-05a0-4685-a151-3e515683b188;10376;Human gammaherpesvirus 4;1;1;2025-11-07 15:42:13.382334+00;2;4
4fd1bce9-3f4b-4c13-9d01-4fc13b1a1ea6;d38081f9-05a0-4685-a151-3e515683b188;10376;Human gammaherpesvirus 4;2;3;2025-11-07 15:42:14.192157+00;2;3
ecfa0924-ff44-4951-bd56-4ab6b9ed262a;d38081f9-05a0-4685-a151-3e515683b188;3052230;Hepacivirus hominis;2;6;2025-11-07 15:42:15.572193+00;1;3
8eb28bad-23b7-42a7-9671-9e9aee08c5dc;d38081f9-05a0-4685-a151-3e515683b188;3052230;Hepacivirus hominis;1;5;2025-11-07 15:42:16.398872+00;1;2
4a4c516a-b836-4028-a1c2-36ca69bd13b2;d38081f9-05a0-4685-a151-3e515683b188;3052608;Pegivirus hominis;2;8;2025-11-07 15:42:17.390101+00;1;3
841b9dcf-209a-478f-bc61-970b69af5f2c;d38081f9-05a0-4685-a151-3e515683b188;2697049;Severe acute respiratory syndrome coronavirus 2;2;13;2025-11-07 15:42:18.59823+00;2;3
e99637ee-d66b-47b7-8a57-c08f00e2c3e9;d38081f9-05a0-4685-a151-3e515683b188;2697049;Severe acute respiratory syndrome coronavirus 2;1;14;2025-11-07 15:42:20.388598+00;1;2
2675c60c-d5e7-4cdb-8fad-2bb500aef8e2;d38081f9-05a0-4685-a151-3e515683b188;2697049;Severe acute respiratory syndrome coronavirus 2;2;15;2025-11-07 15:42:21.458175+00;1;3
c07d3878-2e99-4eab-b96c-59d883e4c3d4;d38081f9-05a0-4685-a151-3e515683b188;3052608;Pegivirus hominis;1;9;2025-11-07 15:42:22.573121+00;2;3
2148ff96-c8d9-4666-8f6a-a31e70bd0850;d38081f9-05a0-4685-a151-3e515683b188;3046277;Orthoflavivirus flavi;2;12;2025-11-07 15:42:23.454321+00;2;4
f5c3a822-64f6-434a-9273-370de166e143;d38081f9-05a0-4685-a151-3e515683b188;3046277;Orthoflavivirus flavi;2;10;2025-11-07 15:42:24.199381+00;1;3
c55de60d-ece2-4725-ab86-3ad1f8628f04;d38081f9-05a0-4685-a151-3e515683b188;3046277;Orthoflavivirus flavi;1;11;2025-11-07 15:42:24.957453+00;1;2
e5d2a010-07db-4b39-a593-1b52211ae69c;dcc52982-064a-4bf1-9548-199dc5b51966;3052608;Pegivirus hominis;1;8;2025-11-07 20:32:33.420408+00;1;3
225376a2-9448-4c3c-8189-f2e81b67cac2;dcc52982-064a-4bf1-9548-199dc5b51966;3052230;Hepacivirus hominis;1;5;2025-11-07 20:32:57.225674+00;1;2
7084c2c1-22ab-466e-adea-37fc10ebabd3;dcc52982-064a-4bf1-9548-199dc5b51966;3052608;Pegivirus hominis;1;7;2025-11-07 20:33:11.801408+00;1;2
f1751f97-e56d-4263-9b9c-01558852d6e9;dcc52982-064a-4bf1-9548-199dc5b51966;3046277;Orthoflavivirus flavi;2;10;2025-11-07 20:33:18.406249+00;1;2
97447029-bb31-469d-849c-3d39ed0d9c30;dcc52982-064a-4bf1-9548-199dc5b51966;3052230;Hepacivirus hominis;1;4;2025-11-07 20:33:25.847066+00;1;3
1c631cf2-9eb6-44fa-ad76-22a3416c7a85;99f45d7d-e5e6-4aa3-98b8-59774a446038;10376;Human gammaherpesvirus 4;1;1;2025-11-07 20:38:28.744348+00;1;4
f0453ae0-a04c-43c2-ae8d-79090d2a0dea;99f45d7d-e5e6-4aa3-98b8-59774a446038;10376;Human gammaherpesvirus 4;2;2;2025-11-07 20:38:39.668032+00;1;3
e5ee11b6-b8d5-4ebd-aadc-41cbfdcb9b44;99f45d7d-e5e6-4aa3-98b8-59774a446038;3046277;Orthoflavivirus flavi;2;11;2025-11-07 20:38:58.202029+00;1;4
87ade79f-6411-4bc1-bb7c-185ec487c4af;99f45d7d-e5e6-4aa3-98b8-59774a446038;10376;Human gammaherpesvirus 4;1;3;2025-11-07 20:39:11.188873+00;3;4
bfb07fef-779b-45fb-9825-5d90956c62f2;99f45d7d-e5e6-4aa3-98b8-59774a446038;3052230;Hepacivirus hominis;2;4;2025-11-07 20:39:21.339146+00;2;3
1f5a622c-a50e-4712-aa35-22f1ab80315c;99f45d7d-e5e6-4aa3-98b8-59774a446038;2697049;Severe acute respiratory syndrome coronavirus 2;1;13;2025-11-07 20:39:36.654779+00;3;4
76bca712-4122-4b88-a289-782be9179e2a;99f45d7d-e5e6-4aa3-98b8-59774a446038;3046277;Orthoflavivirus flavi;1;12;2025-11-07 20:39:47.110272+00;3;4
ff199a51-a6de-454c-9cbf-a8b3b03c1fc9;0af7c4f2-ff6b-42c7-8be8-dff319ef5178;2697049;Severe acute respiratory syndrome coronavirus 2;2;14;2025-11-07 21:28:08.721022+00;1;4
9facceab-81ab-4e10-94e7-a06d0e1d8e8b;d40448cf-05f7-40d5-8ace-eaeba8f684c0;3052608;Pegivirus hominis;2;7;2025-11-07 21:29:06.152865+00;2;3
70e32374-700f-44fd-bb9b-fd4b13a8306d;0af7c4f2-ff6b-42c7-8be8-dff319ef5178;3046277;Orthoflavivirus flavi;1;10;2025-11-07 21:29:12.420285+00;1;3
3aaf827e-9de7-4863-b6e5-96847449917b;d40448cf-05f7-40d5-8ace-eaeba8f684c0;2697049;Severe acute respiratory syndrome coronavirus 2;2;13;2025-11-07 21:29:32.287275+00;2;4
d71d9938-02b8-4cbf-bc7f-cd399500f53d;d40448cf-05f7-40d5-8ace-eaeba8f684c0;10376;Human gammaherpesvirus 4;2;1;2025-11-07 21:30:08.267586+00;3;4
48d47ad7-6f61-44d5-b286-e289b9dd7085;0af7c4f2-ff6b-42c7-8be8-dff319ef5178;10376;Human gammaherpesvirus 4;1;1;2025-11-07 21:30:25.288362+00;1;4
5a4d9d42-0dfe-448c-b79a-f8c03e263fd0;d40448cf-05f7-40d5-8ace-eaeba8f684c0;3052230;Hepacivirus hominis;2;6;2025-11-07 21:30:40.737133+00;1;4
48509f5f-8174-4603-9aad-cb582581650a;d40448cf-05f7-40d5-8ace-eaeba8f684c0;3046277;Orthoflavivirus flavi;2;12;2025-11-07 21:31:08.468401+00;3;4
68dd1377-08fe-4ce1-8401-9fe28bfb4799;0af7c4f2-ff6b-42c7-8be8-dff319ef5178;3052608;Pegivirus hominis;2;9;2025-11-07 21:31:21.384301+00;3;4
6a1bbc10-4247-4f33-8ec6-b2cee08fad48;d40448cf-05f7-40d5-8ace-eaeba8f684c0;3052608;Pegivirus hominis;2;8;2025-11-07 21:31:24.683343+00;2;4
4dfd737d-8b0b-4c3b-9107-01ed2d6951e4;d40448cf-05f7-40d5-8ace-eaeba8f684c0;10376;Human gammaherpesvirus 4;2;2;2025-11-07 21:31:44.603066+00;1;4
e7711911-403c-4014-8b2a-1824894a3e26;d40448cf-05f7-40d5-8ace-eaeba8f684c0;10376;Human gammaherpesvirus 4;2;3;2025-11-07 21:32:04.743225+00;1;2
b5253f2a-07d4-40e8-b504-6f225e160dd7;0af7c4f2-ff6b-42c7-8be8-dff319ef5178;2697049;Severe acute respiratory syndrome coronavirus 2;1;15;2025-11-07 21:32:13.729354+00;2;4
2d3eec21-b58a-4460-be26-2785f589815b;d40448cf-05f7-40d5-8ace-eaeba8f684c0;3046277;Orthoflavivirus flavi;2;10;2025-11-07 21:32:17.219671+00;1;3
f10f6f1c-8292-42ed-8944-9712f05369dc;d40448cf-05f7-40d5-8ace-eaeba8f684c0;3052230;Hepacivirus hominis;2;5;2025-11-07 21:32:49.107024+00;2;4
c629c77f-93c6-4e23-baca-c43ad4384375;0af7c4f2-ff6b-42c7-8be8-dff319ef5178;2697049;Severe acute respiratory syndrome coronavirus 2;2;13;2025-11-07 21:32:51.316893+00;1;2
fab7055a-4339-4e7a-a117-8290c4c55e95;d40448cf-05f7-40d5-8ace-eaeba8f684c0;3052608;Pegivirus hominis;2;9;2025-11-07 21:33:11.397356+00;1;2
a6538319-5c2c-4494-8069-42f316b1bee2;d40448cf-05f7-40d5-8ace-eaeba8f684c0;3046277;Orthoflavivirus flavi;2;11;2025-11-07 21:33:24.816845+00;1;4
e60bfbcd-c56a-437f-80d1-6634d208ed26;d40448cf-05f7-40d5-8ace-eaeba8f684c0;3052230;Hepacivirus hominis;2;4;2025-11-07 21:33:41.313102+00;1;2
70197133-26e3-4756-8782-ae25aff50d15;0af7c4f2-ff6b-42c7-8be8-dff319ef5178;10376;Human gammaherpesvirus 4;1;2;2025-11-07 21:33:47.084188+00;2;3
53abcae1-a9ad-43ac-b9b3-537c900b9a75;d40448cf-05f7-40d5-8ace-eaeba8f684c0;2697049;Severe acute respiratory syndrome coronavirus 2;2;14;2025-11-07 21:33:58.134635+00;3;4
2c55f2ad-4470-47eb-b5b3-75e0f2e7560b;d40448cf-05f7-40d5-8ace-eaeba8f684c0;2697049;Severe acute respiratory syndrome coronavirus 2;2;15;2025-11-07 21:34:16.142683+00;2;3
a3b580b8-211f-43de-826a-56445ea0159b;0af7c4f2-ff6b-42c7-8be8-dff319ef5178;10376;Human gammaherpesvirus 4;2;3;2025-11-07 21:34:31.459755+00;3;4
b63e1f25-bc42-4b3e-aa93-874254181888;0af7c4f2-ff6b-42c7-8be8-dff319ef5178;3052608;Pegivirus hominis;2;7;2025-11-07 21:35:17.739853+00;1;4
0d56271a-646b-4f7d-a030-98b822aa7f9d;1a8bed0a-c9e3-4645-8402-0d176b4d5cfa;3052608;Pegivirus hominis;2;7;2025-11-07 23:28:23.120276+00;1;4
bab6311c-69b9-4c69-9ca5-09285f92853b;1a8bed0a-c9e3-4645-8402-0d176b4d5cfa;3052230;Hepacivirus hominis;2;6;2025-11-07 23:28:47.2917+00;3;4
68a26947-50a0-4879-997d-b0e300983539;1a8bed0a-c9e3-4645-8402-0d176b4d5cfa;3052608;Pegivirus hominis;1;8;2025-11-07 23:29:23.443152+00;2;4
64c0623a-7936-4b44-aec3-5746a0a08342;1a8bed0a-c9e3-4645-8402-0d176b4d5cfa;3046277;Orthoflavivirus flavi;2;10;2025-11-07 23:29:32.182484+00;1;3
cd6ac1ff-c6f4-4725-8b32-c412668b7fc2;1a8bed0a-c9e3-4645-8402-0d176b4d5cfa;10376;Human gammaherpesvirus 4;2;3;2025-11-07 23:29:42.106869+00;1;3
18b54790-1872-429f-91ed-b64dde7d91ea;1a8bed0a-c9e3-4645-8402-0d176b4d5cfa;3052230;Hepacivirus hominis;2;4;2025-11-07 23:29:49.254652+00;1;2
dbf3d77d-af4f-47f5-be2a-8f84afd905d2;1a8bed0a-c9e3-4645-8402-0d176b4d5cfa;3052230;Hepacivirus hominis;2;5;2025-11-07 23:30:02.080254+00;1;4
5b79c819-1e70-4da6-a93a-1b73f13efba4;1a8bed0a-c9e3-4645-8402-0d176b4d5cfa;3052608;Pegivirus hominis;1;9;2025-11-07 23:30:11.868187+00;1;3
4d56cac3-54f5-4a81-8e0b-54a318e797df;1a8bed0a-c9e3-4645-8402-0d176b4d5cfa;2697049;Severe acute respiratory syndrome coronavirus 2;2;14;2025-11-07 23:30:20.009734+00;1;3
8e160251-c896-4406-9d95-bfa2b3f59e94;1a8bed0a-c9e3-4645-8402-0d176b4d5cfa;2697049;Severe acute respiratory syndrome coronavirus 2;2;13;2025-11-07 23:30:22.413564+00;2;3
603e6575-f347-4995-a1cd-36a53532c637;1a8bed0a-c9e3-4645-8402-0d176b4d5cfa;10376;Human gammaherpesvirus 4;2;2;2025-11-07 23:30:25.871449+00;1;4
7d73c93f-0072-46c2-86db-3e8b1cf50850;1a8bed0a-c9e3-4645-8402-0d176b4d5cfa;2697049;Severe acute respiratory syndrome coronavirus 2;2;15;2025-11-07 23:31:00.491981+00;1;2
759928f0-8b9e-4ed8-966d-9da1de3d8536;1a8bed0a-c9e3-4645-8402-0d176b4d5cfa;3046277;Orthoflavivirus flavi;2;11;2025-11-07 23:31:22.054624+00;1;2
dc4e8057-4cfc-4786-80c8-c6447da74728;1a8bed0a-c9e3-4645-8402-0d176b4d5cfa;3046277;Orthoflavivirus flavi;2;12;2025-11-07 23:31:41.908879+00;2;4
4b87cdf5-96f7-4868-8ec7-92d00c21dc43;1a8bed0a-c9e3-4645-8402-0d176b4d5cfa;10376;Human gammaherpesvirus 4;2;1;2025-11-07 23:32:00.962611+00;2;3
c9c02f5b-fb84-445e-bcf4-2dd7b77e45f0;b2fe12bb-08a9-41f4-aaec-57400330a474;3052230;Hepacivirus hominis;1;5;2025-11-08 21:41:14.258569+00;1;4
ba66ab49-8608-495b-9660-b3b1cacf5fcb;b2fe12bb-08a9-41f4-aaec-57400330a474;3046277;Orthoflavivirus flavi;1;11;2025-11-08 21:41:45.918014+00;1;3
54eda825-aa86-4bd2-989b-cb0149d70336;b2fe12bb-08a9-41f4-aaec-57400330a474;3046277;Orthoflavivirus flavi;2;12;2025-11-08 21:42:11.387837+00;2;4
a134eb75-48ee-4f3b-a094-2d9091703131;b2fe12bb-08a9-41f4-aaec-57400330a474;10376;Human gammaherpesvirus 4;1;1;2025-11-08 21:42:20.699572+00;1;3
897462e6-2d88-416d-a4b8-c55e79276114;b2fe12bb-08a9-41f4-aaec-57400330a474;3052608;Pegivirus hominis;1;8;2025-11-08 21:42:30.245055+00;1;3
33dc072a-3bbd-46f8-ac07-5e89a5472271;b2fe12bb-08a9-41f4-aaec-57400330a474;3052230;Hepacivirus hominis;1;6;2025-11-08 21:43:23.344507+00;1;3
fc7b17a2-60cb-4194-a7a6-9d6b00d51a19;b2fe12bb-08a9-41f4-aaec-57400330a474;3052608;Pegivirus hominis;1;9;2025-11-08 21:43:44.969763+00;2;4
3c239cbc-7a4e-4e2c-aca3-53befddd60e0;b2fe12bb-08a9-41f4-aaec-57400330a474;2697049;Severe acute respiratory syndrome coronavirus 2;2;13;2025-11-08 21:44:38.687083+00;1;2
ee06044b-650a-4aa7-a713-a23832f4aba3;b2fe12bb-08a9-41f4-aaec-57400330a474;10376;Human gammaherpesvirus 4;1;2;2025-11-08 21:45:21.16253+00;1;4
9a8f33b9-c07e-4dda-b6c0-149a8b0d1e9c;b2fe12bb-08a9-41f4-aaec-57400330a474;10376;Human gammaherpesvirus 4;2;3;2025-11-08 21:47:14.438089+00;2;3
894b3af1-fde9-4a11-95b3-4983b025f742;b2fe12bb-08a9-41f4-aaec-57400330a474;2697049;Severe acute respiratory syndrome coronavirus 2;2;15;2025-11-08 21:47:24.563952+00;3;4
64233ac7-f8ca-4f1b-92ea-d1fdfa2a9675;b2fe12bb-08a9-41f4-aaec-57400330a474;3046277;Orthoflavivirus flavi;1;10;2025-11-08 21:47:55.090991+00;1;2
0543a989-e48f-4f9b-8e33-856be47c324a;b2fe12bb-08a9-41f4-aaec-57400330a474;3052230;Hepacivirus hominis;1;4;2025-11-08 21:48:05.518217+00;3;4
03641b22-2062-4130-b7e9-1b8df457d190;b2fe12bb-08a9-41f4-aaec-57400330a474;3052608;Pegivirus hominis;1;7;2025-11-08 21:48:32.435116+00;3;4
ccce005a-6c0c-4972-97ac-1e2e7242b778;b2fe12bb-08a9-41f4-aaec-57400330a474;2697049;Severe acute respiratory syndrome coronavirus 2;2;14;2025-11-08 21:49:07.224972+00;1;3
ce0c161c-4423-493d-8c61-7ea5a5392fab;1702dc7a-9ec3-4b33-babf-793ffbb05bff;3052230;Hepacivirus hominis;1;6;2025-11-10 22:29:01.611612+00;1;2
b4380e5b-74ea-43ab-953f-c60f582ecc3a;1702dc7a-9ec3-4b33-babf-793ffbb05bff;3052608;Pegivirus hominis;1;8;2025-11-10 22:29:12.1034+00;1;4
e8ee79dc-759f-4c2b-a53a-79619a26d8ad;b9f2c2a4-e84a-46cc-b82d-bce932268436;3052608;Pegivirus hominis;1;9;2025-11-10 22:29:49.248845+00;2;4
882c8335-db78-4e6f-99db-01f43394318f;b9f2c2a4-e84a-46cc-b82d-bce932268436;10376;Human gammaherpesvirus 4;2;1;2025-11-10 22:30:50.327229+00;3;4
2b55cb6f-758a-4c02-a0b7-b490b33f7b06;b9f2c2a4-e84a-46cc-b82d-bce932268436;3046277;Orthoflavivirus flavi;2;12;2025-11-10 22:31:50.212471+00;2;3
75eda1f4-f137-445f-858b-d72931721a32;b9f2c2a4-e84a-46cc-b82d-bce932268436;3052608;Pegivirus hominis;1;8;2025-11-10 22:32:37.271676+00;1;3
37a19c87-18e1-4cd1-bf35-73c1642a314d;b9f2c2a4-e84a-46cc-b82d-bce932268436;10376;Human gammaherpesvirus 4;2;2;2025-11-10 22:33:08.259522+00;1;2
044fa0a5-86cd-422c-aca7-92f0dc28e190;b9f2c2a4-e84a-46cc-b82d-bce932268436;3052230;Hepacivirus hominis;1;4;2025-11-10 22:34:00.548616+00;2;3
13def5ec-2c4e-4caf-9c55-ddbea1ae030b;b9f2c2a4-e84a-46cc-b82d-bce932268436;3046277;Orthoflavivirus flavi;2;10;2025-11-10 22:34:14.75348+00;1;3
ed47fa51-9a8d-4ac8-8d41-35f060ac1b52;b9f2c2a4-e84a-46cc-b82d-bce932268436;3052230;Hepacivirus hominis;1;5;2025-11-10 22:35:24.978449+00;1;3
c41d5701-ddaa-42c9-afb6-8fe518103170;b9f2c2a4-e84a-46cc-b82d-bce932268436;2697049;Severe acute respiratory syndrome coronavirus 2;2;14;2025-11-10 22:36:12.905697+00;2;4
912bbb2f-aad1-425f-9442-f504d391c72e;b9f2c2a4-e84a-46cc-b82d-bce932268436;2697049;Severe acute respiratory syndrome coronavirus 2;2;15;2025-11-10 22:36:46.470404+00;3;4
0feca903-e15c-4273-bfbc-d5895a8c018c;b9f2c2a4-e84a-46cc-b82d-bce932268436;3052608;Pegivirus hominis;2;7;2025-11-10 22:37:44.11348+00;1;4
45e9efa5-5586-4eaf-b5c5-f2390f903b83;b9f2c2a4-e84a-46cc-b82d-bce932268436;2697049;Severe acute respiratory syndrome coronavirus 2;2;13;2025-11-10 22:38:30.686484+00;1;2
eb3dfddc-989f-4dbc-b23b-cdedaa0d08b1;b9f2c2a4-e84a-46cc-b82d-bce932268436;3052230;Hepacivirus hominis;2;6;2025-11-10 22:39:03.41908+00;1;4
3e776536-139e-41a4-899c-2e4329c5fd34;b9f2c2a4-e84a-46cc-b82d-bce932268436;3046277;Orthoflavivirus flavi;1;11;2025-11-10 22:40:03.415513+00;1;2
a8fec0bf-45d2-49b7-9adb-7e82adc871e8;b9f2c2a4-e84a-46cc-b82d-bce932268436;10376;Human gammaherpesvirus 4;1;3;2025-11-10 22:40:13.479032+00;1;3
c102d161-bb16-41e0-93e2-927e10222b0d;3ac2af78-ea37-44ed-87f7-8172a112c68a;3046277;Orthoflavivirus flavi;2;12;2025-11-11 14:55:56.620145+00;1;3
2dedea6f-05f2-48e1-bca6-e1ca51f20d7a;3ac2af78-ea37-44ed-87f7-8172a112c68a;3052608;Pegivirus hominis;1;8;2025-11-11 14:56:56.248167+00;1;3
9e5ab237-6a14-4121-b030-cecbaebb00de;3ac2af78-ea37-44ed-87f7-8172a112c68a;3052230;Hepacivirus hominis;2;5;2025-11-11 14:57:30.438487+00;2;3
a765c745-b723-4b56-8528-93208ed6b278;3ac2af78-ea37-44ed-87f7-8172a112c68a;10376;Human gammaherpesvirus 4;1;1;2025-11-11 14:57:59.995931+00;1;2
ef5116a3-f9c6-4093-8b54-01d70b40a510;3ac2af78-ea37-44ed-87f7-8172a112c68a;3052230;Hepacivirus hominis;1;4;2025-11-11 15:11:33.912037+00;1;2
d9288f65-9ff4-4b96-a0f8-50fa6ee8c4ec;3ac2af78-ea37-44ed-87f7-8172a112c68a;2697049;Severe acute respiratory syndrome coronavirus 2;2;13;2025-11-11 15:11:59.553747+00;1;2
b0474a66-c438-4eff-98e2-da39a7a6d1a0;3ac2af78-ea37-44ed-87f7-8172a112c68a;3052608;Pegivirus hominis;2;7;2025-11-11 15:12:33.819765+00;3;4
244de76f-51a5-4dbf-9fbf-8b5b11a32403;3ac2af78-ea37-44ed-87f7-8172a112c68a;3046277;Orthoflavivirus flavi;1;11;2025-11-11 15:12:59.904758+00;3;4
ec665993-0320-4ade-a93d-36e1f6e3521c;3ac2af78-ea37-44ed-87f7-8172a112c68a;10376;Human gammaherpesvirus 4;2;2;2025-11-11 15:13:32.207849+00;1;4
5e2cb4e0-4234-49a7-b946-bc7d525d3038;3ac2af78-ea37-44ed-87f7-8172a112c68a;3052608;Pegivirus hominis;2;9;2025-11-11 15:14:35.305021+00;1;2
776b43f9-8b8f-4916-9a8d-294ddb237bc5;3ac2af78-ea37-44ed-87f7-8172a112c68a;3052230;Hepacivirus hominis;2;6;2025-11-11 15:14:47.883588+00;2;4
59f746be-b852-474d-9735-19a7365e2c74;3ac2af78-ea37-44ed-87f7-8172a112c68a;10376;Human gammaherpesvirus 4;1;3;2025-11-11 15:15:48.19685+00;3;4
22bed14e-99e4-4666-960d-1ba474bb5dde;3ac2af78-ea37-44ed-87f7-8172a112c68a;3046277;Orthoflavivirus flavi;1;10;2025-11-11 15:16:18.179394+00;1;2
37cdf2d8-e7f7-4280-a5d1-0607e1276d74;3ac2af78-ea37-44ed-87f7-8172a112c68a;2697049;Severe acute respiratory syndrome coronavirus 2;2;14;2025-11-11 15:16:37.104561+00;3;4
6c740306-13bd-4eda-b3a4-d60f157595be;3ac2af78-ea37-44ed-87f7-8172a112c68a;2697049;Severe acute respiratory syndrome coronavirus 2;2;15;2025-11-11 15:16:52.785272+00;1;3
f64bd786-2527-436b-bf85-64f7c18dc163;dc9452c8-ab96-45f6-b14f-4a5709e9b2d4;3052608;Pegivirus hominis;2;9;2025-11-12 18:36:48.31007+00;3;4
8cf122dc-bc69-4155-af3c-cb65995a1e4a;dc9452c8-ab96-45f6-b14f-4a5709e9b2d4;10376;Human gammaherpesvirus 4;2;1;2025-11-12 18:37:32.402248+00;1;3
8760ba73-21f5-4b4d-bbaa-36a2f1ac7ac0;dc9452c8-ab96-45f6-b14f-4a5709e9b2d4;10376;Human gammaherpesvirus 4;1;2;2025-11-12 18:38:14.920687+00;2;4
babfe95f-9a07-4dac-935c-54e6ff35dc58;dc9452c8-ab96-45f6-b14f-4a5709e9b2d4;3046277;Orthoflavivirus flavi;1;12;2025-11-12 18:39:35.036595+00;1;3
f042bd29-bd85-4bf5-a582-257a840b46b4;dc9452c8-ab96-45f6-b14f-4a5709e9b2d4;10376;Human gammaherpesvirus 4;2;3;2025-11-12 18:39:56.96363+00;1;2
c05d39c1-2cea-48cc-b4c5-d02c9140728c;dc9452c8-ab96-45f6-b14f-4a5709e9b2d4;2697049;Severe acute respiratory syndrome coronavirus 2;2;13;2025-11-12 18:41:17.884685+00;1;2
1d364538-9d06-4fd3-8325-007fa412bcb4;dc9452c8-ab96-45f6-b14f-4a5709e9b2d4;2697049;Severe acute respiratory syndrome coronavirus 2;1;14;2025-11-12 18:42:05.31672+00;2;4
6b05b165-a822-466d-be56-4370c339891f;dc9452c8-ab96-45f6-b14f-4a5709e9b2d4;3052230;Hepacivirus hominis;1;4;2025-11-12 18:44:09.974548+00;1;2
44f2d089-7e8e-4e59-b2f6-53dfb75a2e46;dc9452c8-ab96-45f6-b14f-4a5709e9b2d4;3052230;Hepacivirus hominis;1;4;2025-11-12 18:44:20.154694+00;1;2
d7861474-f315-47f6-a01c-50ea373dd67f;1e08eb85-ae64-4aa8-ae2a-e573ddc9a60f;3052608;Pegivirus hominis;2;9;2025-11-12 18:44:40.266725+00;3;4
ee2dd26a-0f19-4fce-9f3e-bf19abc0f67e;1e08eb85-ae64-4aa8-ae2a-e573ddc9a60f;3052230;Hepacivirus hominis;1;6;2025-11-12 18:45:00.209109+00;1;3
7accdd5a-c262-4d0a-9db5-65a2ae88fa1b;1e08eb85-ae64-4aa8-ae2a-e573ddc9a60f;3046277;Orthoflavivirus flavi;2;12;2025-11-12 18:45:28.179751+00;2;3
94dd885b-d25b-4ae3-b090-502576a32d07;1e08eb85-ae64-4aa8-ae2a-e573ddc9a60f;3052230;Hepacivirus hominis;1;5;2025-11-12 18:45:32.619072+00;1;2
67a60cab-5327-45ba-80d6-8f9cda0fe7c7;1e08eb85-ae64-4aa8-ae2a-e573ddc9a60f;2697049;Severe acute respiratory syndrome coronavirus 2;2;13;2025-11-12 18:46:03.547307+00;3;4
c10e9f60-de6c-4ff2-9cf1-4dee48fab88f;1e08eb85-ae64-4aa8-ae2a-e573ddc9a60f;10376;Human gammaherpesvirus 4;1;2;2025-11-12 18:46:27.900908+00;3;4
c8a8d49b-1c33-45b1-a99f-f34bacbf5eeb;1e08eb85-ae64-4aa8-ae2a-e573ddc9a60f;2697049;Severe acute respiratory syndrome coronavirus 2;1;14;2025-11-12 18:46:38.545111+00;2;3
d89543ed-0a03-4817-95f0-4555d7cbb11b;1e08eb85-ae64-4aa8-ae2a-e573ddc9a60f;3052230;Hepacivirus hominis;2;4;2025-11-12 18:46:50.268072+00;1;4
b780a753-03c4-46c5-bbda-49d8774d9287;1e08eb85-ae64-4aa8-ae2a-e573ddc9a60f;2697049;Severe acute respiratory syndrome coronavirus 2;2;15;2025-11-12 18:46:58.365786+00;1;2
ccbbde11-452c-40d2-8c4a-c4229fbc61fc;1e08eb85-ae64-4aa8-ae2a-e573ddc9a60f;3052608;Pegivirus hominis;2;8;2025-11-12 18:47:20.702509+00;1;2
ecf2105d-8799-4a62-9c6a-51587af60492;1e08eb85-ae64-4aa8-ae2a-e573ddc9a60f;10376;Human gammaherpesvirus 4;2;1;2025-11-12 18:47:28.102117+00;1;2
d43d3aaf-f175-45df-b57a-5f02382b5006;1e08eb85-ae64-4aa8-ae2a-e573ddc9a60f;10376;Human gammaherpesvirus 4;1;3;2025-11-12 18:47:48.104845+00;2;3
8824586d-444e-4149-b102-7c64ef9c61e9;1e08eb85-ae64-4aa8-ae2a-e573ddc9a60f;3046277;Orthoflavivirus flavi;1;11;2025-11-12 18:48:13.392555+00;1;3
4bc8ccbe-687c-4c71-9a24-5750bde71e4d;1e08eb85-ae64-4aa8-ae2a-e573ddc9a60f;3052608;Pegivirus hominis;2;7;2025-11-12 18:48:35.059014+00;2;4
e8508816-ebbe-4f76-b4f6-7f986a83b656;1e08eb85-ae64-4aa8-ae2a-e573ddc9a60f;3046277;Orthoflavivirus flavi;1;10;2025-11-12 18:49:05.619437+00;1;2
003558c8-768a-45e2-a48e-6f166e5d1b89;def03e21-ed7c-45ae-bf59-22bcc429ee9f;10376;Human gammaherpesvirus 4;2;1;2025-11-13 17:44:43.356508+00;1;2
3bca60bf-f1e9-4c95-8c24-1077613ee072;def03e21-ed7c-45ae-bf59-22bcc429ee9f;10376;Human gammaherpesvirus 4;1;2;2025-11-13 17:45:30.15714+00;1;3
c2784a79-c7eb-491c-9c61-64b5e397dff6;def03e21-ed7c-45ae-bf59-22bcc429ee9f;10376;Human gammaherpesvirus 4;1;3;2025-11-13 17:46:59.762169+00;1;4
183e0f7f-4d71-4274-b532-9b9eb35f45d3;def03e21-ed7c-45ae-bf59-22bcc429ee9f;3046277;Orthoflavivirus flavi;1;10;2025-11-13 17:54:33.964466+00;1;3
d4a55bd5-5fee-4a68-ae9f-8906982d11b5;def03e21-ed7c-45ae-bf59-22bcc429ee9f;3052608;Pegivirus hominis;1;7;2025-11-13 18:03:20.004265+00;1;3
c071bd53-9395-4c26-a1ab-96d36a5a6ef1;def03e21-ed7c-45ae-bf59-22bcc429ee9f;3052608;Pegivirus hominis;2;8;2025-11-13 18:04:18.743934+00;1;2
51f071e3-3a6c-422d-a82b-baddab726e5f;def03e21-ed7c-45ae-bf59-22bcc429ee9f;3052608;Pegivirus hominis;1;9;2025-11-13 18:05:13.49152+00;1;4
18a8bd41-d710-4aae-bb7f-f72024bc9312;def03e21-ed7c-45ae-bf59-22bcc429ee9f;2697049;Severe acute respiratory syndrome coronavirus 2;2;13;2025-11-13 18:05:54.402978+00;1;4
66283ad2-08f9-4eca-b849-4824861a6700;def03e21-ed7c-45ae-bf59-22bcc429ee9f;3052230;Hepacivirus hominis;1;4;2025-11-13 18:06:34.974003+00;2;3
540fa796-f5b9-41c0-b3da-1e09904d1aea;def03e21-ed7c-45ae-bf59-22bcc429ee9f;3052230;Hepacivirus hominis;2;5;2025-11-13 18:07:07.518643+00;1;2
3148818f-f3a6-4e07-8135-5c78e21b8b46;def03e21-ed7c-45ae-bf59-22bcc429ee9f;3052230;Hepacivirus hominis;2;6;2025-11-13 18:08:17.813194+00;3;4
ab847ad5-11da-48ca-b965-d937e0aa2a1d;def03e21-ed7c-45ae-bf59-22bcc429ee9f;2697049;Severe acute respiratory syndrome coronavirus 2;2;14;2025-11-13 18:08:53.642971+00;1;2
878bc1a8-0903-47f9-b7e3-5a49fa389e78;def03e21-ed7c-45ae-bf59-22bcc429ee9f;2697049;Severe acute respiratory syndrome coronavirus 2;2;15;2025-11-13 18:11:35.657065+00;1;3
f3084330-c6be-414c-a76d-cc47a077eb60;def03e21-ed7c-45ae-bf59-22bcc429ee9f;3046277;Orthoflavivirus flavi;1;12;2025-11-13 18:12:33.483048+00;1;2
d47fde46-032b-4c54-b3f6-ed1c5455d436;def03e21-ed7c-45ae-bf59-22bcc429ee9f;3046277;Orthoflavivirus flavi;1;11;2025-11-13 18:13:06.855981+00;3;4